epoch,step,train_loss
0,49,5440.80810546875
0,99,0.028239136561751366
0,149,0.00704184640198946
0,199,0.08548904955387115
0,249,1.2446109056472778
0,299,6.778571605682373
0,349,0.06509560346603394
0,399,0.00012331178004387766
0,449,1.2238160707056522e-06
0,499,7.543712854385376e-08
