epoch,step,train_loss
0,49,3620.3193359375
0,99,31.061580657958984
